Year,Grant rate at appeal
2010,0.28594748048261176
2011,0.2801976204880016
2012,0.2875
2013,0.2678180177857971
2014,0.30107895187532113
2015,0.3716793980161897
2016,0.4221479314667781
2017,0.370446083083887
2018,0.400845399766166
2019,0.44294111123433516
2020,0.43932683790965454
2021,0.49009603841536614
2022,0.5149184866195017
2023,0.5491803278688525
